Абакан;
Абиджан;
Абу-Даби;
Абуджа;
Агадир;
Аддис-Абеба;
Аделаида;
Аккра;
Актау;
Актобе;
Аланья;
Александрия;
Алжир;
Аликанте;
Алматы;
Альметьевск;
Амман;
Амстердам;
Анадырь;
Анапа;
Ангарск;
Анкара;
Анкоридж;
Анталия;
Антананариву;
Антверпен;
Арзамас;
Армавир;
Архангельск;
Астрахань;
Асунсьон;
Атланта;
Атырау;
Аугсбург;
Афины;
Ачинск;
Ашхабад;
Багдад;
Базель;
Баку;
Балаково;
Бангалор;
Банги;
Бангкок;
Бандар-Сери-Бегаван;
Баня-Лука;
Барановичи;
Бари;
Барнаул;
Барселона;
Батайск;
Батуми;
Бейрут;
Белгород;
Белград;
Белосток;
Белу-Оризонти;
Белфаст;
Берген;
Березники;
Берлин;
Берн;
Бийск;
Бильбао;
Бирмингем;
Биробиджан;
Бишкек;
Благовещенск;
Бобруйск;
Богота;
Бодрум;
Болонья;
Бонн;
Бор;
Борисов;
Бостон;
Браззавиль;
Бразилиа;
Братислава;
Братск;
Бремен;
Брест;
Брисбен;
Бристоль;
Брно;
Брюссель;
Брянск;
Будапешт;
Будва;
Бургас;
Бурса;
Бухара;
Бухарест;
Буэнос-Айрес;
Валенсия;
Валетта;
Ванкувер;
Варадеро;
Варна;
Варшава;
Вашингтон;
Великие Луки;
Великий Новгород;
Веллингтон;
Вена;
Венеция;
Верона;
Вильнюс;
Виндхук;
Виннипег;
Винница;
Витебск;
Владивосток;
Владикавказ;
Владимир;
Волгоград;
Волгодонск;
Волжский;
Вологда;
Воркута;
Воронеж;
Воткинск;
Вроцлав;
Вьентьян;
Гаага;
Габороне;
Гавана;
Гамбург;
Ганновер;
Гвадалахара;
Гватемала;
Гданьск;
Геленджик;
Генуя;
Гётеборг;
Глазго;
Гомель;
Гонконг;
Гонолулу;
Горно-Алтайск;
Гранада;
Грац;
Гродно;
Грозный;
Гуанчжоу;
Гуаякиль;
Дакар;
Дакка;
Даллас;
Дананг;
Дарвин;
Дар-эс-Салам;
Дебрецен;
Дели;
Денвер;
Денпасар;
Дербент;
Детройт;
Джайпур;
Джакарта;
Джидда;
Джорджтаун;
Дзержинск;
Димитровград;
Днепр;
Додома;
Донецк;
Дортмунд;
Доха;
Дрезден;
Дуала;
Дубай;
Дублин;
Дубровник;
Дурбан;
Душанбе;
Дюссельдорф;
Евпатория;
Ейск;
Екатеринбург;
Елец;
Ереван;
Ессентуки;
Женева;
Житомир;
Загреб;
Запорожье;
Златоуст;
Ибица;
Иваново;
Ивано-Франковск;
Иерусалим;
Ижевск;
Измир;
Иматра;
Йокогама;
Йоханнесбург;
Йошкар-Ола;
Ираклион;
Иркутск;
Исламабад;
Кабул;
Казань;
Каир;
Калгари;
Калининград;
Калуга;
Калькутта;
Кальяри;
Каменск-Уральский;
Кампала;
Камышин;
Канберра;
Канкун;
Караганда;
Каракас;
Карачи;
Карловы Вары;
Карлсруэ;
Касабланка;
Катманду;
Каунас;
Квебек;
Кейптаун;
Кельн;
Кемерово;
Керчь;
Кигали;
Киев;
Кингстон;
Киншаса;
Киров;
Кировоград;
Киселёвск;
Кисловодск;
Кито;
Кишинев;
Клайпеда;
Ковров;
Коломбо;
Комсомольск-на-Амуре;
Констанца;
Копенгаген;
Костанай;
Кострома;
Котор;
Крайстчерч;
Краков;
Краснодар;
Красноярск;
Кременчуг;
Кривой Рог;
Кропоткин;
Куала-Лумпур;
Курган;
Курск;
Куско;
Кутаиси;
Кызыл;
Кызылорда;
Лагос;
Ла-Пас;
Ларнака;
Лас-Вегас;
Лахор;
Лейпциг;
Ленинск-Кузнецкий;
Либревиль;
Ливерпуль;
Лилль;
Лима;
Лимассол;
Лион;
Липецк;
Лиссабон;
Лодзь;
Лозанна;
Лондон;
Лос-Анджелес;
Луанда;
Луганск;
Лусака;
Луцк;
Лхаса;
Львов;
Люблин;
Любляна;
Люксембург;
Магадан;
Магнитогорск;
Мадрид;
Майами;
Майкоп;
Малага;
Мале;
Мальмё;
Манагуа;
Манама;
Манила;
Манчестер;
Мапуту;
Марианские Лазни;
Мариуполь;
Марракеш;
Марсель;
Маскат;
Махачкала;
Медина;
Междуреченск;
Мелитополь;
Мельбурн;
Мехико;
Миасс;
Милан;
Минеральные Воды;
Миннеаполис;
Минск;
Могилев;
Мозырь;
Момбаса;
Монреаль;
Монтевидео;
Монтеррей;
Москва;
Мумбаи;
Мурманск;
Муром;
Мюнхен;
Набережные Челны;
Нагоя;
Назрань;
Найроби;
Нальчик;
Нанкин;
Нант;
Нарьян-Мар;
Находка;
Нджамена;
Неаполь;
Невинномысск;
Нейпьидо;
Несебр;
Нефтекамск;
Нефтеюганск;
Нижневартовск;
Нижнекамск;
Нижний Новгород;
Нижний Тагил;
Николаев;
Никосия;
Ницца;
Нови-Сад;
Новокузнецк;
Новокуйбышевск;
Новомосковск;
Новополоцк;
Новороссийск;
Новосибирск;
Новотроицк;
Новочебоксарск;
Новочеркасск;
Новошахтинск;
Новый Орлеан;
Новый Уренгой;
Норильск;
Ноябрьск;
Нурсултан;
Нью-Йорк;
Нюрнберг;
Нячанг;
Обнинск;
Одесса;
Ольборг;
Омаха;
Омск;
Орёл;
Оренбург;
Орландо;
Орлеан;
Орск;
Орхус;
Орша;
Осака;
Осло;
Оттава;
Павлодар;
Падуя;
Палермо;
Пальма-де-Майорка;
Панама;
Парамарибо;
Париж;
Паттайя;
Пекин;
Пенза;
Первоуральск;
Пермь;
Перт;
Петрозаводск;
Петропавловск;
Петропавловск-Камчатский;
Пешавар;
Пинск;
Пловдив;
Пномпень;
Подгорица;
Познань;
Полтава;
Порт-Луи;
Порт-Морсби;
Порт-о-Пренс;
Порту;
Порту-Алегри;
Прага;
Претория;
Приштина;
Прокопьевск;
Псков;
Пунта-Аренас;
Пунта-Кана;
Пусан;
Пуэрто-Плата;
Пхеньян;
Пхукет;
Пятигорск;
Рабат;
Рейкьявик;
Ресифи;
Рига;
Рим;
Римини;
Рио-де-Жанейро;
Ровно;
Ростов-на-Дону;
Роттердам;
Рубцовск;
Рыбинск;
Рязань;
Сакраменто;
Салават;
Салехард;
Салоники;
Самара;
Самарканд;
Сана;
Санкт-Петербург;
Сан-Паулу;
Санто-Доминго;
Сантьяго;
Сан-Франциско;
Сан-Хосе;
Санья;
Саппоро;
Сарагоса;
Сараево;
Саранск;
Сарапул;
Саратов;
Себу;
Севастополь;
Северодвинск;
Северск;
Севилья;
Семей;
Сент-Луис;
Серов;
Сеул;
Сиануквиль;
Сидней;
Сиемреап;
Симферополь;
Сингапур;
Сиэтл;
Скопье;
Смоленск;
Солигорск;
Солт-Лейк-Сити;
София;
Сочи;
Сплит;
Ставангер;
Ставрополь;
Стамбул;
Старый Оскол;
Стерлитамак;
Стокгольм;
Страсбург;
Сумы;
Сурабая;
Сургут;
Сухуми;
Сызрань;
Сыктывкар;
Таганрог;
Тайбэй;
Таллин;
Тамбов;
Тампа;
Тампере;
Танжер;
Тараз;
Ташкент;
Тбилиси;
Тверь;
Тегеран;
Тегусигальпа;
Тель-Авив;
Тенерифе;
Теплице;
Тернополь;
Тиват;
Тирана;
Тирасполь;
Тобольск;
Токио;
Тольятти;
Томск;
Торонто;
Трабзон;
Триест;
Триполи;
Тронхейм;
Тула;
Тулуза;
Тунис;
Турин;
Турку;
Тхимпху;
Тюмень;
Тяньцзинь;
Ужгород;
Улан-Батор;
Улан-Удэ;
Ульяновск;
Уральск;
Урумчи;
Уссурийск;
Усть-Каменогорск;
Уфа;
Ухань;
Ухта;
Феодосия;
Филадельфия;
Флоренция;
Форталеза;
Франкфурт-на-Майне;
Фуншал;
Хабаровск;
Хайдарабад;
Хайфа;
Ханой;
Ханты-Мансийск;
Хараре;
Харбин;
Хартум;
Харьков;
Хасавюрт;
Хельсинки;
Херсон;
Хмельницкий;
Хобарт;
Хошимин;
Хургада;
Хьюстон;
Церматт;
Цюрих;
Чебоксары;
Челябинск;
Ченнаи;
Череповец;
Черкассы;
Черкесск;
Чернигов;
Черновцы;
Чиангмай;
Чикаго;
Чита;
Чэнду;
Шанхай;
Шарджа;
Шарм-эль-Шейх;
Шахты;
Штутгарт;
Шымкент;
Шэньчжэнь;
Щецин;
Эдинбург;
Эдмонтон;
Эйлат;
Элиста;
Эль-Кувейт;
Энгельс;
Эр-Рияд;
Южно-Сахалинск;
Якутск;
Ялта;
Янгон;
Ярославль;
Яссы;

